Workbook

Sheet SIEMBRA
A1: GRUPO | B1: PRODUCTO | C1: LABOR | D1: RENDIMIENTO
A2: SIEMBRA | B2: SOLIDAGO | C2: ARMADO DE CAMAS | D2: =_xlfn.XLOOKUP(_xlfn.CONCAT(B2,C2),RENDIMIENTOS!E:E,RENDIMIENTOS!D:D,"",0) -> 0.6
A3: SIEMBRA | B3: SOLIDAGO | C3: COLOCACIÓN DE MALLAS | D3: =_xlfn.XLOOKUP(_xlfn.CONCAT(B3,C3),RENDIMIENTOS!E:E,RENDIMIENTOS!D:D,"",0) -> 3
A4: SIEMBRA | B4: SOLIDAGO | C4: CAMBIO DE ESCALERILLAS PODA | D4: =_xlfn.XLOOKUP(_xlfn.CONCAT(B4,C4),RENDIMIENTOS!E:E,RENDIMIENTOS!D:D,"",0) -> 5
A5: SIEMBRA | B5: SOLIDAGO | C5: COLOCACIÓN DE PINGOS | D5: =_xlfn.XLOOKUP(_xlfn.CONCAT(B5,C5),RENDIMIENTOS!E:E,RENDIMIENTOS!D:D,"",0) -> 15
A6: SIEMBRA | B6: SOLIDAGO | C6: PODA GUADAÑADO | D6: =_xlfn.XLOOKUP(_xlfn.CONCAT(B6,C6),RENDIMIENTOS!E:E,RENDIMIENTOS!D:D,"",0) -> 2
A7: SIEMBRA | B7: SOLIDAGO | C7: SIEMBRA | D7: =_xlfn.XLOOKUP(_xlfn.CONCAT(B7,C7),RENDIMIENTOS!E:E,RENDIMIENTOS!D:D,"",0) -> 1000
A8: SIEMBRA | B8: SOLIDAGO | C8: COLOCACIÓN DE ALAMBRE | D8: =_xlfn.XLOOKUP(_xlfn.CONCAT(B8,C8),RENDIMIENTOS!E:E,RENDIMIENTOS!D:D,"",0) -> 6
A9: SIEMBRA | B9: SOLIDAGO | C9: PARCHADO DE CAMAS | D9: =_xlfn.XLOOKUP(_xlfn.CONCAT(B9,C9),RENDIMIENTOS!E:E,RENDIMIENTOS!D:D,"",0)
A10: SIEMBRA | B10: VERONICA | C10: ARMADO DE CAMAS | D10: =_xlfn.XLOOKUP(_xlfn.CONCAT(B10,C10),RENDIMIENTOS!E:E,RENDIMIENTOS!D:D,"",0) -> 1
A11: SIEMBRA | B11: VERONICA | C11: COLOCACIÓN DE MALLAS | D11: =_xlfn.XLOOKUP(_xlfn.CONCAT(B11,C11),RENDIMIENTOS!E:E,RENDIMIENTOS!D:D,"",0) -> 3
A12: SIEMBRA | B12: VERONICA | C12: COLOCACIÓN DE ESCALERILLAS | D12: =_xlfn.XLOOKUP(_xlfn.CONCAT(B12,C12),RENDIMIENTOS!E:E,RENDIMIENTOS!D:D,"",0) -> 5
A13: SIEMBRA | B13: VERONICA | C13: COLOCACIÓN DE PINGOS | D13: =_xlfn.XLOOKUP(_xlfn.CONCAT(B13,C13),RENDIMIENTOS!E:E,RENDIMIENTOS!D:D,"",0) -> 15
... A38: SIEMBRA | B38: SUNFLOWER | C38: TEJIDO | D38: =_xlfn.XLOOKUP(_xlfn.CONCAT(B38,C38),RENDIMIENTOS!E:E,RENDIMIENTOS!D:D,"",0)

Sheet DESBROTE
A1: GRUPO | B1: PRODUCTO | C1: LABOR | D1: RENDIMIENTO
A2: DESBROTE | B2: SOLIDAGO | C2: TUTOREO | D2: =_xlfn.XLOOKUP(_xlfn.CONCAT(B2,C2),RENDIMIENTOS!E:E,RENDIMIENTOS!D:D,"",0) -> 6
A3: DESBROTE | B3: SOLIDAGO | C3: RALEO PODA / SELECCIÓN | D3: =_xlfn.XLOOKUP(_xlfn.CONCAT(B3,C3),RENDIMIENTOS!E:E,RENDIMIENTOS!D:D,"",0) -> 300
A4: DESBROTE | B4: SOLIDAGO | C4: RALEO SIEMBRA / SELECCIÓN | D4: =_xlfn.XLOOKUP(_xlfn.CONCAT(B4,C4),RENDIMIENTOS!E:E,RENDIMIENTOS!D:D,"",0) -> 500
A5: DESBROTE | B5: SOLIDAGO | C5: PINCH | D5: =_xlfn.XLOOKUP(_xlfn.CONCAT(B5,C5),RENDIMIENTOS!E:E,RENDIMIENTOS!D:D,"",0) -> 2
A6: DESBROTE | B6: SOLIDAGO | C6: ADELANTADOS | D6: =_xlfn.XLOOKUP(_xlfn.CONCAT(B6,C6),RENDIMIENTOS!E:E,RENDIMIENTOS!D:D,"",0)
A7: DESBROTE | B7: SOLIDAGO | C7: BAJADO DE HOJA | D7: =_xlfn.XLOOKUP(_xlfn.CONCAT(B7,C7),RENDIMIENTOS!E:E,RENDIMIENTOS!D:D,"",0)
A8: DESBROTE | B8: VERONICA | C8: TUTOREO | D8: =_xlfn.XLOOKUP(_xlfn.CONCAT(B8,C8),RENDIMIENTOS!E:E,RENDIMIENTOS!D:D,"",0) -> 6
A9: DESBROTE | B9: VERONICA | C9: RALEO PODA / SELECCIÓN | D9: =_xlfn.XLOOKUP(_xlfn.CONCAT(B9,C9),RENDIMIENTOS!E:E,RENDIMIENTOS!D:D,"",0) -> 350
A10: DESBROTE | B10: VERONICA | C10: RALEO SIEMBRA / SELECCIÓN | D10: =_xlfn.XLOOKUP(_xlfn.CONCAT(B10,C10),RENDIMIENTOS!E:E,RENDIMIENTOS!D:D,"",0) -> 500
A11: DESBROTE | B11: VERONICA | C11: PINCH FLOR | D11: =_xlfn.XLOOKUP(_xlfn.CONCAT(B11,C11),RENDIMIENTOS!E:E,RENDIMIENTOS!D:D,"",0) -> 2
A12: DESBROTE | B12: VERONICA | C12: PINCH | D12: =_xlfn.XLOOKUP(_xlfn.CONCAT(B12,C12),RENDIMIENTOS!E:E,RENDIMIENTOS!D:D,"",0) -> 2500
A13: DESBROTE | B13: VERONICA | C13: BASALEO | D13: =_xlfn.XLOOKUP(_xlfn.CONCAT(B13,C13),RENDIMIENTOS!E:E,RENDIMIENTOS!D:D,"",0) -> 2
... A34: DESBROTE | B34: GYPSOPHILA | C34: DESBROTE 2 | D34: =_xlfn.XLOOKUP(_xlfn.CONCAT(B34,C34),RENDIMIENTOS!E:E,RENDIMIENTOS!D:D,"",0) -> 500

Sheet DESMALEZADO
A1: GRUPO | B1: PRODUCTO | C1: LABOR | D1: RENDIMIENTO
A2: DESMALEZADO | B2: SOLIDAGO | C2: DESMALEZADO | D2: =_xlfn.XLOOKUP(_xlfn.CONCAT(B2,C2),RENDIMIENTOS!E:E,RENDIMIENTOS!D:D,"",0) -> 3
A3: DESMALEZADO | B3: SOLIDAGO | C3: ESCARIF. SIEM | D3: =_xlfn.XLOOKUP(_xlfn.CONCAT(B3,C3),RENDIMIENTOS!E:E,RENDIMIENTOS!D:D,"",0) -> 4
A4: DESMALEZADO | B4: SOLIDAGO | C4: ESCARIF. PODA | D4: =_xlfn.XLOOKUP(_xlfn.CONCAT(B4,C4),RENDIMIENTOS!E:E,RENDIMIENTOS!D:D,"",0) -> 3
A5: DESMALEZADO | B5: VERONICA | C5: DESMALEZADO | D5: =_xlfn.XLOOKUP(_xlfn.CONCAT(B5,C5),RENDIMIENTOS!E:E,RENDIMIENTOS!D:D,"",0) -> 2
A6: DESMALEZADO | B6: VERONICA | C6: ESCARIF. SIEM | D6: =_xlfn.XLOOKUP(_xlfn.CONCAT(B6,C6),RENDIMIENTOS!E:E,RENDIMIENTOS!D:D,"",0) -> 4
A7: DESMALEZADO | B7: VERONICA | C7: ESCARIF. PODA | D7: =_xlfn.XLOOKUP(_xlfn.CONCAT(B7,C7),RENDIMIENTOS!E:E,RENDIMIENTOS!D:D,"",0) -> 3
A8: DESMALEZADO | B8: HYPERICUM | C8: DESMALEZADO | D8: =_xlfn.XLOOKUP(_xlfn.CONCAT(B8,C8),RENDIMIENTOS!E:E,RENDIMIENTOS!D:D,"",0) -> 3
A9: DESMALEZADO | B9: HYPERICUM | C9: ESCARIFICADO | D9: =_xlfn.XLOOKUP(_xlfn.CONCAT(B9,C9),RENDIMIENTOS!E:E,RENDIMIENTOS!D:D,"",0) -> 4
A10: DESMALEZADO | B10: SUNFLOWER | C10: DESMALEZADO | D10: =_xlfn.XLOOKUP(_xlfn.CONCAT(B10,C10),RENDIMIENTOS!E:E,RENDIMIENTOS!D:D,"",0) -> 1.5

Sheet COSECHA
A1: GRUPO | B1: PRODUCTO | C1: LABOR | D1: RENDIMIENTO
A2: COSECHA | B2: GYPSOPHILA | C2: Cosecha | D2: =_xlfn.XLOOKUP(_xlfn.CONCAT(B2,C2),RENDIMIENTOS!E:E,RENDIMIENTOS!D:D,"",0) -> 12.8
A3: COSECHA | B3: GYPSOPHILA | C3: Cosecha dumps | D3: =_xlfn.XLOOKUP(_xlfn.CONCAT(B3,C3),RENDIMIENTOS!E:E,RENDIMIENTOS!D:D,"",0) -> 20
A4: COSECHA | B4: HYPERICUM | C4: Cosecha | D4: =_xlfn.XLOOKUP(_xlfn.CONCAT(B4,C4),RENDIMIENTOS!E:E,RENDIMIENTOS!D:D,"",0) -> 21
A5: COSECHA | B5: VERONICA | C5: Cosecha | D5: =_xlfn.XLOOKUP(_xlfn.CONCAT(B5,C5),RENDIMIENTOS!E:E,RENDIMIENTOS!D:D,"",0) -> 20
A6: COSECHA | B6: SOLIDAGO | C6: Cosecha | D6: =_xlfn.XLOOKUP(_xlfn.CONCAT(B6,C6),RENDIMIENTOS!E:E,RENDIMIENTOS!D:D,"",0) -> 20
A7: COSECHA | B7: SUNFLOWER | C7: Cosecha | D7: =_xlfn.XLOOKUP(_xlfn.CONCAT(B7,C7),RENDIMIENTOS!E:E,RENDIMIENTOS!D:D,"",0) -> 8.3333333

Sheet RENDIMIENTOS
A1: CULTIVO | B1: LABOR | C1: UNIDAD | D1: RENDIMIENTO | E1: KEY
A2: GYPSOPHILA | B2: Armado de camas | C2: camas/hora | D2: 0.6 | E2: =_xlfn.CONCAT(A2,B2) -> GYPSOPHILAArmado de camas
A3: GYPSOPHILA | B3: Alzado de hombros con compost | C3: camas/hora | D3: 4 | E3: =_xlfn.CONCAT(A3,B3) -> GYPSOPHILAAlzado de hombros con compost
A4: GYPSOPHILA | B4: Alzado de hombros sin compost | C4: camas/hora | D4: 6 | E4: =_xlfn.CONCAT(A4,B4) -> GYPSOPHILAAlzado de hombros sin compost
A5: GYPSOPHILA | B5: Cambio de escalerillas poda | C5: camas/hora | D5: 8 | E5: =_xlfn.CONCAT(A5,B5) -> GYPSOPHILACambio de escalerillas poda
A6: GYPSOPHILA | B6: Cambio de pingos poda | C6: camas/hora | D6: 12 | E6: =_xlfn.CONCAT(A6,B6) -> GYPSOPHILACambio de pingos poda
A7: GYPSOPHILA | B7: Colocación de mallas | C7: mallas/hora | D7: 3 | E7: =_xlfn.CONCAT(A7,B7) -> GYPSOPHILAColocación de mallas
A8: GYPSOPHILA | B8: Colocación de escalerillas | C8: camas/hora | D8: 5 | E8: =_xlfn.CONCAT(A8,B8) -> GYPSOPHILAColocación de escalerillas
A9: GYPSOPHILA | B9: Colocación de pingos | C9: pingos/hora | D9: 15 | E9: =_xlfn.CONCAT(A9,B9) -> GYPSOPHILAColocación de pingos
A10: GYPSOPHILA | B10: Cosecha | C10: mallas/hora | D10: 12.8 | E10: =_xlfn.CONCAT(A10,B10) -> GYPSOPHILACosecha
A11: GYPSOPHILA | B11: Cosecha dumps | C11: mallas/hora | D11: 20 | E11: =_xlfn.CONCAT(A11,B11) -> GYPSOPHILACosecha dumps
A12: GYPSOPHILA | B12: Desbrote 1 | C12: plantas/hora | D12: 345 | E12: =_xlfn.CONCAT(A12,B12) -> GYPSOPHILADesbrote 1
A13: GYPSOPHILA | B13: Desbrote 2 | C13: plantas/hora | D13: 500 | E13: =_xlfn.CONCAT(A13,B13) -> GYPSOPHILADesbrote 2
... A150: FUMIGACION | B150: Varios | C150: camas/hora | D150: 1 | E150: =_xlfn.CONCAT(A150,B150) -> FUMIGACIONVarios
